행정구역+A1:R29,2014년_1인세대,2015년_1인세대,2016년_1인세대,2017년_1인세대,2018년_1인세대,2019년_1인세대,2020년_1인세대,2021년_1인세대,2022년_1인세대,2023년_1인세대,2014년_전체세대,2015년_전체세대,2016년_전체세대,2017년_전체세대,2018년_전체세대,2019년_전체세대,2020년_전체세대,2021년_전체세대,2022년_전체세대,2023년_전체세대,행정구역1,행정구역코드,행정시,행정구,1인가구비율
서울특별시 종로구 (1111000000),"34,445","34,532","34,698","35,539","36,012","36,716","38,354","37,857","37,680","37,728","73,101","72,645","72,118","73,594","73,735","73,947","75,003","73,494","72,524","72,067",서울특별시 종로구 ,1111000000,서울특별시,종로구 ,0.376
서울특별시 중구 (1114000000),"27,943","27,815","28,368","28,845","29,832","31,069","32,280","32,752","32,954","34,519","59,960","59,321","59,651","60,412","61,502","62,739","63,686","63,519","63,139","64,714",서울특별시 중구 ,1114000000,서울특별시,중구 ,0.344
서울특별시 용산구 (1117000000),"48,619","48,316","48,131","49,518","50,818","52,143","54,748","54,174","54,005","53,331","108,429","107,512","106,607","107,666","108,974","110,126","113,093","111,036","109,805","107,825",서울특별시 용산구 ,1117000000,서울특별시,용산구 ,0.532
서울특별시 성동구 (1120000000),"47,627","48,089","49,318","51,798","54,940","55,527","57,370","57,653","58,154","58,976","125,814","126,714","128,727","132,902","137,209","135,838","135,870","134,233","133,305","133,089",서울특별시 성동구 ,1120000000,서울특별시,성동구 ,0.588
서울특별시 광진구 (1121500000),"64,665","65,138","65,896","68,171","70,605","74,064","78,614","81,256","83,646","85,080","158,524","158,353","158,390","160,798","162,606","164,428","167,427","167,949","169,291","170,077",서울특별시 광진구 ,1121500000,서울특별시,광진구 ,0.849
서울특별시 동대문구 (1123000000),"66,419","67,641","68,367","70,090","72,616","75,705","80,336","82,531","84,547","86,129","159,880","159,941","159,426","159,938","161,820","164,191","167,598","168,219","169,873","172,801",서울특별시 동대문구 ,1123000000,서울특별시,동대문구 ,0.859
서울특별시 중랑구 (1126000000),"64,831","65,501","67,162","69,385","72,086","74,943","79,802","81,201","83,492","85,012","176,714","176,390","177,400","179,132","180,511","181,579","185,920","185,712","187,413","188,097",서울특별시 중랑구 ,1126000000,서울특별시,중랑구 ,0.848
서울특별시 성북구 (1129000000),"70,169","69,679","69,093","69,365","71,004","74,767","78,864","79,845","82,026","83,019","193,359","190,973","188,304","187,112","186,601","192,592","195,396","195,017","197,082","196,800",서울특별시 성북구 ,1129000000,서울특별시,성북구 ,0.828
서울특별시 강북구 (1130500000),"50,620","51,428","52,653","54,745","57,388","59,715","62,910","63,836","65,435","66,366","141,246","141,088","141,229","142,533","143,395","144,277","145,896","144,536","144,313","143,560",서울특별시 강북구 ,1130500000,서울특별시,강북구 ,0.662
서울특별시 도봉구 (1132000000),"39,638","39,677","40,157","41,294","43,182","45,013","47,242","48,682","49,922","51,212","136,977","136,903","136,898","137,378","138,087","138,508","139,114","138,656","138,356","138,261",서울특별시 도봉구 ,1132000000,서울특별시,도봉구 ,0.511
서울특별시 노원구 (1135000000),"61,450","61,943","63,642","64,810","67,527","69,471","72,693","74,565","76,674","78,460","221,107","219,768","219,736","217,619","217,655","216,966","218,270","217,378","217,540","217,904",서울특별시 노원구 ,1135000000,서울특별시,노원구 ,0.783
서울특별시 은평구 (1138000000),"67,962","68,901","68,747","70,698","73,517","76,987","82,865","85,088","85,908","87,569","202,187","203,410","201,891","202,839","205,001","207,681","213,914","214,711","213,876","215,721",서울특별시 은평구 ,1138000000,서울특별시,은평구 ,0.874
서울특별시 서대문구 (1141000000),"53,917","54,191","54,371","55,117","57,194","58,962","62,836","63,380","65,136","66,116","134,780","135,770","136,766","137,266","138,549","140,157","144,838","143,647","145,797","146,845",서울특별시 서대문구 ,1141000000,서울특별시,서대문구 ,0.66
서울특별시 마포구 (1144000000),"69,385","70,534","70,544","71,949","75,480","78,637","82,892","85,055","86,480","87,506","169,492","171,480","169,432","169,408","172,505","175,023","178,482","179,861","180,084","181,090",서울특별시 마포구 ,1144000000,서울특별시,마포구 ,0.873
서울특별시 양천구 (1147000000),"47,685","48,053","47,141","47,379","48,615","50,670","54,209","56,418","57,835","58,569","179,069","179,512","177,434","176,649","176,498","177,256","180,633","181,404","181,187","180,695",서울특별시 양천구 ,1147000000,서울특별시,양천구 ,0.584
서울특별시 강서구 (1150000000),"75,256","78,733","83,462","91,595","97,429","103,796","111,673","118,270","122,745","125,202","234,378","238,952","245,045","254,257","258,503","262,708","266,982","271,175","273,697","274,084",서울특별시 강서구 ,1150000000,서울특별시,강서구 ,1.249
서울특별시 구로구 (1153000000),"58,430","58,833","59,834","60,669","62,904","66,167","70,287","72,576","76,076","76,995","172,594","172,321","172,220","171,570","172,457","176,568","180,531","180,929","183,655","184,096",서울특별시 구로구 ,1153000000,서울특별시,구로구 ,0.768
서울특별시 금천구 (1154500000),"41,836","42,169","42,887","44,496","46,842","50,136","54,928","58,395","61,035","62,761","103,940","103,847","104,483","106,066","107,971","110,622","114,715","117,595","119,583","120,381",서울특별시 금천구 ,1154500000,서울특별시,금천구 ,0.626
서울특별시 영등포구 (1156000000),"69,450","70,173","70,252","72,378","76,795","81,133","87,715","90,876","93,450","95,781","168,100","167,863","165,729","167,355","171,085","174,806","184,714","187,020","188,832","190,737",서울특별시 영등포구 ,1156000000,서울특별시,영등포구 ,0.955
서울특별시 동작구 (1159000000),"64,814","64,763","66,694","68,697","73,426","77,390","82,352","84,446","87,277","89,020","172,389","170,495","172,506","172,995","177,176","180,753","184,229","184,812","185,773","186,675",서울특별시 동작구 ,1159000000,서울특별시,동작구 ,0.888
서울특별시 관악구 (1162000000),"121,776","124,162","128,682","133,850","142,742","151,175","160,288","165,811","174,511","177,356","248,180","249,191","251,955","255,352","262,222","268,559","274,811","276,597","283,623","284,578",서울특별시 관악구 ,1162000000,서울특별시,관악구 ,1.769
서울특별시 서초구 (1165000000),"53,965","54,370","54,948","55,973","57,213","58,281","59,621","59,336","58,808","59,950","173,469","173,007","173,970","173,594","172,918","173,199","173,502","170,244","167,749","169,884",서울특별시 서초구 ,1165000000,서울특별시,서초구 ,0.598
서울특별시 강남구 (1168000000),"87,790","88,365","87,495","87,820","88,584","92,008","95,007","95,099","94,198","96,423","237,375","237,373","234,080","231,612","228,775","232,981","234,872","234,233","232,777","239,775",서울특별시 강남구 ,1168000000,서울특별시,강남구 ,0.962
서울특별시 송파구 (1171000000),"79,365","79,291","81,256","85,227","90,734","95,719","100,587","103,275","105,192","107,873","257,207","256,611","258,382","264,628","270,866","278,711","281,959","282,417","284,853","285,927",서울특별시 송파구 ,1171000000,서울특별시,송파구 ,1.076
서울특별시 강동구 (1174000000),"57,981","57,165","57,735","59,590","61,564","64,739","70,081","74,313","75,420","77,282","185,905","180,508","177,460","177,407","177,247","183,390","196,499","201,613","202,169","203,734",서울특별시 강동구 ,1174000000,서울특별시,강동구 ,0.771
부산광역시 중구 (2611000000),"11,635","11,645","11,865","12,208","12,302","12,837","13,800","14,166","14,555","14,674","23,493","23,295","23,282","23,284","22,975","23,160","23,847","23,925","23,960","23,747",부산광역시 중구 ,2611000000,부산광역시,중구 ,0.146
부산광역시 서구 (2614000000),"22,465","22,723","22,786","23,106","23,834","24,442","25,428","25,123","25,749","26,085","53,417","53,199","52,497","51,953","52,819","52,786","53,853","52,960","53,626","53,630",부산광역시 서구 ,2614000000,부산광역시,서구 ,0.26
부산광역시 동구 (2617000000),"18,558","19,010","19,275","19,946","20,333","21,403","22,467","23,211","23,510","24,207","43,728","43,430","43,036","43,413","43,261","44,657","46,003","46,362","46,349","47,428",부산광역시 동구 ,2617000000,부산광역시,동구 ,0.241
부산광역시 영도구 (2620000000),"20,092","20,612","20,904","21,451","22,017","22,459","23,453","23,803","24,142","24,659","56,580","56,446","55,893","55,713","55,312","54,859","54,903","54,659","54,342","54,293",부산광역시 영도구 ,2620000000,부산광역시,영도구 ,0.246
부산광역시 부산진구 (2623000000),"60,546","62,094","63,831","66,369","67,614","70,508","76,432","78,075","82,255","85,125","165,056","165,199","165,238","166,491","165,253","166,865","173,263","173,353","178,049","181,914",부산광역시 부산진구 ,2623000000,부산광역시,부산진구 ,0.849
부산광역시 동래구 (2626000000),"31,424","31,662","32,598","33,592","34,347","36,051","38,717","40,390","42,212","42,932","107,023","106,766","107,917","108,609","108,757","112,136","114,987","115,718","119,503","119,706",부산광역시 동래구 ,2626000000,부산광역시,동래구 ,0.428
부산광역시 남구 (2629000000),"35,166","35,834","36,597","37,980","39,555","40,871","43,357","44,777","46,251","47,609","114,412","114,120","113,791","113,898","117,558","117,397","117,876","117,821","117,601","118,427",부산광역시 남구 ,2629000000,부산광역시,남구 ,0.475
부산광역시 북구 (2632000000),"30,895","32,386","33,979","35,294","36,430","37,859","39,663","41,799","42,914","43,789","115,869","118,865","120,707","120,249","120,036","120,273","120,668","123,316","123,569","123,082",부산광역시 북구 ,2632000000,부산광역시,북구 ,0.437
부산광역시 해운대구 (2635000000),"45,606","47,766","48,784","50,473","52,340","54,794","58,018","60,095","60,399","60,896","162,347","164,386","165,290","165,002","166,748","168,650","171,376","172,397","170,435","169,532",부산광역시 해운대구 ,2635000000,부산광역시,해운대구 ,0.607
부산광역시 사하구 (2638000000),"40,020","41,069","42,702","44,745","46,945","48,953","51,458","53,404","55,662","56,770","134,877","134,692","135,641","137,679","138,503","138,790","138,854","139,604","140,778","140,764",부산광역시 사하구 ,2638000000,부산광역시,사하구 ,0.566
부산광역시 금정구 (2641000000),"32,628","34,131","35,952","38,091","39,949","41,618","43,856","45,670","46,294","47,015","100,616","101,130","102,522","104,827","106,415","107,024","107,561","108,070","106,950","105,906",부산광역시 금정구 ,2641000000,부산광역시,금정구 ,0.469
부산광역시 강서구 (2644000000),"12,100","13,414","14,785","16,180","17,297","18,730","20,691","22,827","23,777","23,747","33,165","38,727","44,112","47,850","50,488","53,731","58,141","61,502","62,426","62,238",부산광역시 강서구 ,2644000000,부산광역시,강서구 ,0.237
부산광역시 연제구 (2647000000),"25,854","26,225","26,902","28,424","30,008","31,774","33,847","35,220","36,079","37,786","83,188","84,543","84,398","85,892","87,833","90,266","92,583","93,606","93,557","95,873",부산광역시 연제구 ,2647000000,부산광역시,연제구 ,0.377
부산광역시 수영구 (2650000000),"24,975","26,604","28,312","30,254","31,438","33,145","35,828","38,195","40,097","41,182","74,356","76,325","77,733","79,788","79,842","81,452","84,311","85,896","87,361","88,299",부산광역시 수영구 ,2650000000,부산광역시,수영구 ,0.411
부산광역시 사상구 (2653000000),"30,511","31,542","32,468","34,099","35,073","36,374","38,706","40,997","42,160","43,726","96,915","96,671","96,403","97,169","96,698","96,726","97,556","98,621","98,625","100,003",부산광역시 사상구 ,2653000000,부산광역시,사상구 ,0.436
부산광역시 기장군 (2671000000),"16,588","17,734","19,069","21,311","22,711","23,975","26,544","27,866","29,077","30,037","56,606","60,024","62,810","65,738","67,970","69,136","74,649","76,853","78,736","79,746",부산광역시 기장군 ,2671000000,부산광역시,기장군 ,0.3
대구광역시 중구 (2711000000),"17,036","17,555","17,571","17,692","18,476","18,835","19,935","19,506","20,250","21,752","37,220","38,294","37,987","37,856","38,619","38,418","39,111","38,370","40,749","44,871",대구광역시 중구 ,2711000000,대구광역시,중구 ,0.217
대구광역시 동구 (2714000000),"46,115","48,194","50,438","52,500","55,371","57,023","61,081","63,294","64,677","66,645","141,918","144,403","147,154","148,719","152,370","152,545","155,865","158,423","159,422","162,691",대구광역시 동구 ,2714000000,대구광역시,동구 ,0.665
대구광역시 서구 (2717000000),"33,244","33,881","34,201","34,392","34,752","34,657","36,755","37,337","37,369","38,681","90,413","89,896","88,468","86,738","85,142","82,733","83,437","82,301","81,116","83,949",대구광역시 서구 ,2717000000,대구광역시,서구 ,0.386
대구광역시 남구 (2720000000),"31,802","32,461","32,641","33,039","34,486","35,774","38,524","39,266","39,912","39,937","75,028","74,949","73,979","73,442","74,134","74,588","76,582","76,256","76,401","75,887",대구광역시 남구 ,2720000000,대구광역시,남구 ,0.398
대구광역시 북구 (2723000000),"46,919","48,690","50,882","53,462","56,149","59,071","65,352","69,607","73,322","74,836","167,760","169,568","171,181","174,617","177,162","180,115","187,494","190,956","192,697","191,349",대구광역시 북구 ,2723000000,대구광역시,북구 ,0.747
대구광역시 수성구 (2726000000),"40,282","41,785","42,378","43,604","45,936","47,631","52,032","53,738","55,004","56,233","165,197","165,786","165,392","164,900","165,843","167,040","170,870","171,239","171,480","171,939",대구광역시 수성구 ,2726000000,대구광역시,수성구 ,0.561
대구광역시 달서구 (2729000000),"57,381","59,797","62,204","64,452","68,504","73,162","78,755","81,863","84,747","86,853","224,083","225,889","225,643","224,583","227,966","231,978","235,303","234,950","235,883","235,685",대구광역시 달서구 ,2729000000,대구광역시,달서구 ,0.866
대구광역시 달성군 (2771000000),"19,110","21,406","24,701","28,659","30,422","32,199","35,268","37,548","38,852","40,104","68,999","73,575","84,416","95,898","100,030","103,834","107,965","111,398","113,125","114,189",대구광역시 달성군 ,2771000000,대구광역시,달성군 ,0.4
인천광역시 중구 (2811000000),"21,243","22,037","22,901","24,688","27,126","31,109","33,295","34,830","37,150","39,258","49,874","51,240","52,218","54,525","57,887","65,002","68,379","71,061","75,960","79,520",인천광역시 중구 ,2811000000,인천광역시,중구 ,0.392
인천광역시 동구 (2814000000),"10,582","10,435","10,556","10,780","10,700","11,022","11,511","11,590","11,062","11,247","30,776","30,371","30,081","29,870","28,952","28,739","28,777","28,681","27,618","28,091",인천광역시 동구 ,2814000000,인천광역시,동구 ,0.112
인천광역시 남구 (2817000000),"61,773","62,616","65,348","68,615","71,349","74,129","78,906","83,179","84,749","86,077","171,507","171,888","178,444","182,292","184,275","184,872","188,277","193,561","194,841","196,607",인천광역시 남구 ,2817000000,인천광역시,남구 ,0.859
인천광역시 미추홀구 (2817700000),"61,773","62,616","65,348","68,615","71,349","74,129","78,906","83,179","84,749","86,077","171,507","171,888","178,444","182,292","184,275","184,872","188,277","193,561","194,841","196,607",인천광역시 미추홀구 ,2817700000,인천광역시,미추홀구 ,0.859
인천광역시 연수구 (2818500000),"28,870","30,274","32,121","33,375","35,700","40,558","45,698","48,414","49,336","50,816","112,015","115,920","120,580","123,913","129,806","140,700","152,266","155,984","156,047","159,905",인천광역시 연수구 ,2818500000,인천광역시,연수구 ,0.507
인천광역시 남동구 (2820000000),"60,041","63,439","64,809","67,228","71,668","75,002","80,674","85,587","87,114","88,417","199,768","208,231","209,885","214,280","218,945","221,455","225,394","228,442","226,763","224,268",인천광역시 남동구 ,2820000000,인천광역시,남동구 ,0.882
인천광역시 부평구 (2823700000),"65,329","65,667","66,024","66,466","68,001","70,080","73,454","77,337","80,376","83,659","216,336","217,217","216,492","215,192","212,906","211,851","211,305","213,372","217,924","223,271",인천광역시 부평구 ,2823700000,인천광역시,부평구 ,0.835
인천광역시 계양구 (2824500000),"36,209","36,008","36,591","36,854","37,911","39,146","41,501","44,994","45,726","46,473","128,138","127,063","126,963","125,936","124,281","123,283","124,421","127,984","127,201","125,640",인천광역시 계양구 ,2824500000,인천광역시,계양구 ,0.464
인천광역시 서구 (2826000000),"52,514","53,992","55,824","59,115","65,007","68,968","74,243","79,560","85,281","91,788","186,599","190,119","194,008","199,152","211,847","217,887","223,229","232,834","248,741","266,168",인천광역시 서구 ,2826000000,인천광역시,서구 ,0.916
인천광역시 강화군 (2871000000),"11,700","11,960","12,277","12,873","13,467","13,959","14,611","15,081","15,444","15,552","30,184","30,703","31,106","31,869","32,556","33,163","33,915","34,667","35,114","35,005",인천광역시 강화군 ,2871000000,인천광역시,강화군 ,0.155
인천광역시 옹진군 (2872000000),"6,151","6,259","6,584","6,815","6,777","6,848","7,189","7,277","7,622","7,667","11,083","11,252","11,622","11,888","11,746","11,689","11,993","12,061","12,423","12,437",인천광역시 옹진군 ,2872000000,인천광역시,옹진군 ,0.076
광주광역시 동구 (2911000000),"20,826","20,968","20,878","20,982","21,211","22,294","24,250","25,455","26,531","27,392","46,153","45,860","45,095","45,341","45,452","47,885","51,029","52,362","54,072","55,283",광주광역시 동구 ,2911000000,광주광역시,동구 ,0.273
광주광역시 서구 (2914000000),"37,684","39,326","41,137","42,579","45,390","48,193","51,781","54,617","56,124","57,136","119,658","120,107","123,500","124,663","126,751","128,783","131,373","132,808","133,554","133,816",광주광역시 서구 ,2914000000,광주광역시,서구 ,0.57
광주광역시 남구 (2915500000),"26,536","27,282","27,915","28,720","30,190","32,206","33,959","36,091","36,978","37,089","85,996","87,473","87,879","88,605","89,574","92,233","93,295","95,722","95,868","95,417",광주광역시 남구 ,2915500000,광주광역시,남구 ,0.37
광주광역시 북구 (2917000000),"56,677","59,101","60,412","62,149","65,502","69,771","75,238","80,063","83,010","84,929","176,440","178,735","178,956","180,682","184,617","187,015","191,997","195,695","198,085","199,280",광주광역시 북구 ,2917000000,광주광역시,북구 ,0.847
광주광역시 광산구 (2920000000),"40,572","42,896","44,890","46,639","49,370","52,531","57,278","60,449","62,715","64,136","144,796","148,252","151,034","153,527","156,713","160,569","165,888","169,125","170,776","171,637",광주광역시 광산구 ,2920000000,광주광역시,광산구 ,0.64
대전광역시 동구 (3011000000),"35,907","36,575","37,596","39,246","41,518","43,478","46,261","48,519","50,037","51,154","101,512","100,635","100,398","100,677","102,632","104,064","105,729","107,832","108,640","108,996",대전광역시 동구 ,3011000000,대전광역시,동구 ,0.51
대전광역시 중구 (3014000000),"33,361","34,230","35,516","37,289","39,223","41,294","43,734","45,057","45,938","46,017","103,669","103,285","103,681","104,509","105,270","106,379","107,626","107,609","107,692","106,885",대전광역시 중구 ,3014000000,대전광역시,중구 ,0.459
대전광역시 서구 (3017000000),"55,116","57,255","60,781","64,877","69,227","74,155","81,188","86,075","90,045","92,365","187,921","189,068","192,834","196,016","199,689","203,754","209,931","213,592","216,539","217,305",대전광역시 서구 ,3017000000,대전광역시,서구 ,0.921
대전광역시 유성구 (3020000000),"36,106","38,673","41,947","45,435","48,886","52,840","58,280","62,630","66,047","69,497","121,857","126,969","132,464","137,514","141,533","145,305","151,292","155,450","160,305","166,767",대전광역시 유성구 ,3020000000,대전광역시,유성구 ,0.693
대전광역시 대덕구 (3023000000),"23,350","23,888","24,605","25,157","26,277","27,480","29,608","31,652","32,415","33,252","77,549","77,051","76,760","75,923","75,841","75,841","78,205","79,934","80,253","80,308",대전광역시 대덕구 ,3023000000,대전광역시,대덕구 ,0.332
울산광역시 중구 (3111000000),"27,525","28,787","28,872","29,423","29,664","30,633","32,096","33,691","34,183","35,048","92,545","95,710","95,673","95,386","94,102","93,062","93,212","93,633","93,055","94,372",울산광역시 중구 ,3111000000,울산광역시,중구 ,0.35
울산광역시 남구 (3114000000),"39,343","40,989","41,915","43,169","44,569","46,412","49,325","51,495","53,064","54,329","132,974","133,669","134,140","134,372","134,986","135,311","137,925","138,512","139,525","140,162",울산광역시 남구 ,3114000000,울산광역시,남구 ,0.542
울산광역시 동구 (3117000000),"20,451","21,305","21,116","20,288","20,309","20,933","22,094","23,107","23,634","24,840","67,951","68,359","68,548","66,888","65,791","65,183","65,815","66,201","66,282","67,743",울산광역시 동구 ,3117000000,울산광역시,동구 ,0.248
울산광역시 북구 (3120000000),"14,479","15,439","16,199","16,992","17,868","20,034","21,743","23,513","24,489","25,577","65,589","67,469","69,693","72,416","75,403","81,144","83,781","85,815","87,153","87,865",울산광역시 북구 ,3120000000,울산광역시,북구 ,0.255
울산광역시 울주군 (3171000000),"26,116","27,810","28,368","29,903","31,247","32,929","34,943","37,225","38,809","39,677","83,191","86,481","87,298","89,485","91,474","93,959","96,160","98,489","100,128","100,548",울산광역시 울주군 ,3171000000,울산광역시,울주군 ,0.396
세종특별자치시  (3611000000),"22,463","26,464","30,520","35,209","39,699","43,719","48,131","53,562","55,780","55,882","62,807","81,806","94,343","109,490","123,762","135,408","144,275","153,649","159,386","160,835",세종특별자치시  ,3611000000,세종특별자치시,세종특별자치시,0.557
경기도 수원시 (4111000000),"147,110","152,602","158,461","166,583","176,097","183,195","192,488","203,352","210,890","216,408","454,072","463,154","472,194","483,558","492,939","498,836","506,950","517,822","528,482","537,078",경기도 수원시 ,4111000000,경기도,수원시 ,2.159
경기도 성남시 (4113000000),"127,830","131,114","133,187","137,214","142,582","147,532","154,631","157,586","157,679","158,989","388,340","390,968","394,087","396,403","398,412","400,460","407,912","409,320","408,195","409,602",경기도 성남시 ,4113000000,경기도,성남시 ,1.586
경기도 의정부시 (4115000000),"53,234","54,970","56,837","59,101","62,895","66,663","74,614","77,805","79,847","80,645","169,671","172,392","175,948","179,505","185,319","190,760","201,630","205,792","208,352","209,891",경기도 의정부시 ,4115000000,경기도,의정부시 ,0.804
경기도 안양시 (4117000000),"60,658","61,118","61,692","61,595","63,342","65,570","67,258","71,000","72,496","73,042","223,249","223,779","225,163","223,172","222,361","222,589","220,552","224,620","227,475","227,627",경기도 안양시 ,4117000000,경기도,안양시 ,0.729
경기도 부천시 (4119000000),"97,372","98,113","100,360","103,176","107,010","111,218","117,409","122,102","122,803","124,962","327,462","327,617","331,797","335,384","338,759","340,160","344,495","347,024","344,135","344,096",경기도 부천시 ,4119000000,경기도,부천시 ,1.247
경기도 광명시 (4121000000),"33,593","33,453","34,070","35,413","37,767","38,262","37,362","37,730","37,255","35,540","129,039","128,208","127,461","127,168","128,126","126,001","120,560","119,817","118,493","115,114",경기도 광명시 ,4121000000,경기도,광명시 ,0.355
경기도 평택시 (4122000000),"64,763","69,169","73,284","78,698","84,789","91,247","102,721","113,932","119,049","123,851","181,801","189,122","195,970","204,252","214,409","226,020","243,838","262,097","271,362","279,835",경기도 평택시 ,4122000000,경기도,평택시 ,1.236
경기도 동두천시 (4125000000),"15,929","16,156","16,323","16,488","17,184","17,646","18,495","19,015","19,142","19,405","41,603","42,094","42,455","42,420","42,919","42,999","43,874","44,369","43,973","43,366",경기도 동두천시 ,4125000000,경기도,동두천시 ,0.194
경기도 안산시 (4127000000),"99,992","100,199","100,067","100,418","102,667","104,666","110,976","117,164","118,511","118,613","283,527","281,865","280,524","278,240","276,662","277,331","286,061","292,113","291,091","288,567",경기도 안산시 ,4127000000,경기도,안산시 ,1.183
경기도 고양시 (4128000000),"112,464","116,344","121,020","126,344","133,338","142,220","151,695","158,862","162,907","165,130","382,046","393,093","401,772","408,816","417,607","434,028","448,574","456,852","461,459","464,380",경기도 고양시 ,4128000000,경기도,고양시 ,1.647
경기도 과천시 (4129000000),"6,531","6,613","6,525","5,603","5,544","5,627","5,923","6,635","6,619","6,123","25,251","25,030","23,454","20,903","21,205","21,467","23,373","27,262","28,726","29,194",경기도 과천시 ,4129000000,경기도,과천시 ,0.061
경기도 구리시 (4131000000),"21,927","21,694","22,331","22,967","24,037","25,234","27,123","27,542","28,095","28,264","71,639","71,602","74,499","77,306","79,735","79,870","81,520","80,616","80,424","80,450",경기도 구리시 ,4131000000,경기도,구리시 ,0.282
경기도 남양주시 (4136000000),"65,589","68,432","70,414","73,331","76,628","82,406","86,702","93,971","97,282","98,566","238,111","246,353","251,335","255,594","264,488","276,656","285,334","299,156","304,288","304,768",경기도 남양주시 ,4136000000,경기도,남양주시 ,0.983
경기도 오산시 (4137000000),"26,861","27,075","28,206","29,666","32,088","35,802","39,211","42,058","43,531","44,185","81,146","81,033","82,581","85,445","89,860","95,209","99,436","102,161","103,552","104,437",경기도 오산시 ,4137000000,경기도,오산시 ,0.441
경기도 시흥시 (4139000000),"55,176","55,034","55,329","57,833","62,179","68,553","76,863","82,790","85,158","87,400","156,293","157,755","159,978","167,802","181,061","194,750","211,150","220,421","223,534","228,474",경기도 시흥시 ,4139000000,경기도,시흥시 ,0.872
경기도 군포시 (4141000000),"27,731","28,221","28,585","29,246","30,997","33,715","36,333","38,424","39,482","39,913","106,280","106,771","106,646","106,645","107,548","110,005","112,476","113,205","113,878","113,032",경기도 군포시 ,4141000000,경기도,군포시 ,0.398
경기도 의왕시 (4143000000),"15,347","15,404","15,998","16,422","16,392","17,333","18,583","19,285","18,997","18,494","58,413","58,505","58,808","59,201","58,946","62,387","64,690","65,734","64,839","64,402",경기도 의왕시 ,4143000000,경기도,의왕시 ,0.184
경기도 하남시 (4145000000),"19,665","21,882","26,868","30,191","36,587","41,873","50,024","52,368","52,051","51,952","59,551","66,797","84,289","93,741","105,832","115,792","128,774","138,764","140,415","141,764",경기도 하남시 ,4145000000,경기도,하남시 ,0.518
경기도 용인시 (4146000000),"88,740","90,014","95,257","98,407","106,547","115,216","123,584","131,198","133,536","134,957","348,064","354,267","363,559","371,685","390,137","406,880","420,519","429,492","432,151","435,340",경기도 용인시 ,4146000000,경기도,용인시 ,1.346
경기도 파주시 (4148000000),"59,145","60,186","61,127","64,190","67,801","69,979","74,931","81,531","83,734","84,154","166,901","171,753","175,089","180,250","188,407","191,668","200,270","211,916","218,264","220,158",경기도 파주시 ,4148000000,경기도,파주시 ,0.839
경기도 이천시 (4150000000),"26,790","27,262","28,782","30,726","32,985","35,670","39,328","42,590","43,753","44,860","80,433","81,228","84,339","87,116","89,596","92,643","96,799","101,417","102,618","103,793",경기도 이천시 ,4150000000,경기도,이천시 ,0.448
경기도 안성시 (4155000000),"26,730","26,898","28,011","29,180","31,308","32,904","36,130","38,680","39,517","40,448","74,259","74,265","76,291","77,456","79,805","81,599","85,839","89,118","89,951","91,026",경기도 안성시 ,4155000000,경기도,안성시 ,0.403
경기도 김포시 (4157000000),"37,410","38,463","40,918","45,112","50,489","54,481","62,408","66,678","68,580","70,104","129,379","133,231","139,498","152,052","166,635","174,613","193,234","200,846","202,189","204,594",경기도 김포시 ,4157000000,경기도,김포시 ,0.699
경기도 화성시 (4159000000),"64,588","70,484","77,903","88,100","100,710","111,431","125,191","138,075","145,966","151,962","204,362","226,316","245,921","269,782","301,025","327,797","351,924","372,888","387,820","404,623",경기도 화성시 ,4159000000,경기도,화성시 ,1.516
경기도 광주시 (4161000000),"37,847","39,919","42,513","45,804","50,314","54,324","58,835","59,969","61,079","60,606","117,808","124,114","131,303","140,112","150,055","156,884","164,320","167,673","170,497","170,845",경기도 광주시 ,4161000000,경기도,광주시 ,0.605
경기도 양주시 (4163000000),"24,336","24,799","25,199","27,429","30,007","32,456","34,762","37,208","39,012","42,558","78,499","80,109","80,790","85,089","89,088","93,026","97,998","102,314","106,361","117,518",경기도 양주시 ,4163000000,경기도,양주시 ,0.425
경기도 포천시 (4165000000),"26,916","27,534","27,937","28,680","29,792","30,888","32,467","34,095","34,423","34,706","67,275","67,913","68,354","68,779","69,429","69,976","71,315","73,584","73,438","72,876",경기도 포천시 ,4165000000,경기도,포천시 ,0.346
경기도 여주시 (4167000000),"17,264","17,670","18,252","19,041","19,685","20,437","21,481","22,242","22,922","24,130","46,302","47,117","47,889","48,892","49,542","50,334","51,748","52,731","53,946","55,514",경기도 여주시 ,4167000000,경기도,여주시 ,0.241
경기도 연천군 (4180000000),"8,944","9,605","9,884","9,886","9,988","10,349","10,816","10,936","10,836","11,015","20,722","21,381","21,656","21,585","21,526","21,630","22,028","22,002","21,858","21,943",경기도 연천군 ,4180000000,경기도,연천군 ,0.11
경기도 가평군 (4182000000),"12,468","12,772","13,273","13,751","14,257","14,829","15,574","15,704","16,034","16,380","27,966","28,551","29,212","29,840","30,359","30,768","31,533","31,775","32,140","32,606",경기도 가평군 ,4182000000,경기도,가평군 ,0.163
경기도 양평군 (4183000000),"19,616","20,028","21,088","22,754","23,421","24,476","25,740","26,220","26,415","27,443","47,254","48,629","50,544","53,186","54,422","55,782","57,675","59,094","59,788","61,811",경기도 양평군 ,4183000000,경기도,양평군 ,0.274
강원도 춘천시 (4211000000),"38,999","40,157","41,284","42,496","43,990","46,433","49,567","52,489","55,337","57,304","113,095","115,044","117,014","118,450","120,190","123,006","126,685","130,277","133,668","135,498",강원도 춘천시 ,4211000000,강원도,춘천시 ,0.572
강원도 원주시 (4213000000),"47,051","49,240","51,350","53,674","56,269","59,960","63,645","66,957","69,704","71,709","134,487","138,380","142,136","145,521","149,166","154,583","160,307","164,895","168,755","171,275",강원도 원주시 ,4213000000,강원도,원주시 ,0.715
강원도 강릉시 (4215000000),"34,742","35,632","36,760","37,673","38,569","40,625","42,783","44,073","44,954","45,656","93,007","93,774","94,781","95,963","96,859","99,086","101,424","102,879","103,352","103,682",강원도 강릉시 ,4215000000,강원도,강릉시 ,0.455
강원도 동해시 (4217000000),"14,603","14,770","15,005","15,439","15,735","16,202","17,239","17,829","18,306","18,532","40,208","40,338","40,468","40,730","40,784","41,141","42,306","42,916","43,251","43,361",강원도 동해시 ,4217000000,강원도,동해시 ,0.185
강원도 태백시 (4219000000),"9,587","9,738","9,858","9,682","9,909","10,135","10,147","9,650","9,604","9,901","22,352","22,293","22,265","21,889","21,832","21,798","21,588","20,731","20,324","20,377",강원도 태백시 ,4219000000,강원도,태백시 ,0.099
강원도 속초시 (4221000000),"15,070","15,165","15,204","15,580","15,787","16,385","17,357","18,094","18,488","18,652","37,032","37,084","37,193","37,772","37,993","38,689","39,932","40,706","41,193","41,330",강원도 속초시 ,4221000000,강원도,속초시 ,0.186
강원도 삼척시 (4223000000),"16,913","16,499","16,265","16,165","16,428","16,466","16,392","16,413","16,959","17,139","35,204","34,601","34,147","33,863","34,227","34,082","33,635","33,184","33,715","33,700",강원도 삼척시 ,4223000000,강원도,삼척시 ,0.171
강원도 홍천군 (4272000000),"12,430","12,618","12,941","13,409","13,698","14,299","15,328","15,484","15,768","16,006","31,183","31,443","31,851","32,467","32,760","33,142","34,187","34,237","34,510","34,594",강원도 홍천군 ,4272000000,강원도,홍천군 ,0.16
강원도 횡성군 (4273000000),"8,133","8,534","8,946","9,289","9,714","10,143","10,568","10,740","10,865","10,960","20,348","20,821","21,283","21,777","22,411","22,832","23,276","23,593","23,767","23,908",강원도 횡성군 ,4273000000,강원도,횡성군 ,0.109
강원도 영월군 (4275000000),"9,049","9,461","9,808","10,276","10,640","10,839","11,169","11,128","11,375","11,469","19,597","19,990","20,255","20,715","21,011","21,044","21,246","21,143","21,288","21,276",강원도 영월군 ,4275000000,강원도,영월군 ,0.114
강원도 평창군 (4276000000),"8,834","9,113","9,256","9,562","9,820","10,122","10,400","10,552","10,805","10,920","20,279","20,601","20,745","21,008","21,172","21,379","21,618","21,665","21,927","21,993",강원도 평창군 ,4276000000,강원도,평창군 ,0.109
강원도 정선군 (4277000000),"9,191","9,392","9,536","9,683","10,040","10,371","10,771","10,413","10,469","10,297","19,347","19,519","19,571","19,554","19,761","19,974","20,230","19,713","19,533","19,287",강원도 정선군 ,4277000000,강원도,정선군 ,0.103
강원도 철원군 (4278000000),"8,001","9,744","9,569","9,451","9,450","9,349","9,422","9,281","9,248","9,349","20,337","22,017","21,778","21,583","21,451","21,216","21,182","20,862","20,605","20,501",강원도 철원군 ,4278000000,강원도,철원군 ,0.093
강원도 화천군 (4279000000),"7,230","7,452","7,027","6,842","6,438","6,427","6,674","6,431","6,129","6,154","13,474","13,668","13,207","13,065","12,564","12,603","12,862","12,556","12,114","12,052",강원도 화천군 ,4279000000,강원도,화천군 ,0.061
강원도 양구군 (4280000000),"4,995","5,328","5,562","5,504","5,212","5,081","5,119","5,011","5,023","5,044","10,778","11,140","11,355","11,340","11,058","10,840","10,828","10,660","10,609","10,544",강원도 양구군 ,4280000000,강원도,양구군 ,0.05
강원도 인제군 (4281000000),"6,304","7,298","7,182","7,257","7,334","7,449","7,694","8,042","8,270","8,501","14,613","15,594","15,426","15,523","15,550","15,583","15,900","16,380","16,631","16,787",강원도 인제군 ,4281000000,강원도,인제군 ,0.085
강원도 고성군 (4282000000),"7,988","7,925","7,955","8,088","7,588","7,436","7,637","7,998","8,251","8,367","15,408","15,324","15,377","15,519","14,763","14,445","14,546","15,064","15,291","15,431",강원도 고성군 ,4282000000,강원도,고성군 ,0.083
강원도 양양군 (4283000000),"5,916","6,101","6,183","6,245","6,347","6,579","6,994","7,185","7,418","7,556","13,229","13,374","13,402","13,526","13,693","14,081","14,549","14,759","14,948","15,039",강원도 양양군 ,4283000000,강원도,양양군 ,0.075
충청북도 청주시 (4311000000),"111,181","116,614","120,176","124,003","130,264","136,200","149,981","159,447","165,608","169,579","330,551","336,408","341,596","346,000","353,320","360,496","376,252","387,016","393,697","399,092",충청북도 청주시 ,4311000000,충청북도,청주시 ,1.692
충청북도 충주시 (4313000000),"30,388","31,152","32,298","33,364","35,468","37,732","39,966","41,618","42,850","44,339","86,591","87,463","88,900","90,246","93,163","95,648","98,020","99,651","100,843","102,143",충청북도 충주시 ,4313000000,충청북도,충주시 ,0.442
충청북도 제천시 (4315000000),"22,174","22,842","23,790","24,765","25,211","26,349","27,187","28,083","29,252","30,198","59,233","59,856","60,946","61,949","62,367","63,417","63,945","64,540","65,436","66,038",충청북도 제천시 ,4315000000,충청북도,제천시 ,0.301
충청북도 보은군 (4372000000),"6,580","6,830","6,933","7,141","7,302","7,591","8,098","8,248","8,255","8,242","15,864","16,147","16,304","16,501","16,600","16,684","16,981","17,039","16,959","16,864",충청북도 보은군 ,4372000000,충청북도,보은군 ,0.082
충청북도 옥천군 (4373000000),"8,391","8,717","8,881","9,168","9,486","9,903","10,439","11,170","11,668","11,867","22,608","22,967","23,092","23,290","23,681","24,004","24,437","25,104","25,415","25,406",충청북도 옥천군 ,4373000000,충청북도,옥천군 ,0.118
충청북도 영동군 (4374000000),"9,467","9,984","10,313","10,753","11,071","11,488","11,605","11,288","11,444","11,572","23,111","23,586","23,840","24,132","24,370","24,509","24,414","23,813","23,794","23,722",충청북도 영동군 ,4374000000,충청북도,영동군 ,0.115
충청북도 증평군 (4374500000),"5,579","6,039","6,263","6,612","6,954","7,366","7,947","8,139","8,652","8,939","14,727","15,790","16,238","16,694","16,854","17,283","17,697","17,832","18,583","18,944",충청북도 증평군 ,4374500000,충청북도,증평군 ,0.089
충청북도 진천군 (4375000000),"11,166","11,933","12,326","13,438","14,582","15,753","17,470","18,889","19,814","20,046","28,285","29,750","30,746","32,898","35,276","37,213","39,594","41,323","42,398","42,751",충청북도 진천군 ,4375000000,충청북도,진천군 ,0.2
충청북도 괴산군 (4376000000),"8,861","9,208","9,347","10,119","10,394","10,776","11,680","11,594","11,280","11,434","19,151","19,620","19,905","20,577","20,899","21,256","22,145","21,851","21,347","21,304",충청북도 괴산군 ,4376000000,충청북도,괴산군 ,0.114
충청북도 음성군 (4377000000),"17,308","18,646","19,599","20,051","20,988","22,105","22,930","23,710","24,512","24,853","41,749","43,279","44,649","45,069","45,571","46,402","46,831","47,431","48,292","48,431",충청북도 음성군 ,4377000000,충청북도,음성군 ,0.248
충청북도 단양군 (4380000000),"6,127","6,332","6,506","6,658","6,947","7,193","7,416","7,285","7,466","7,670","14,451","14,637","14,744","14,784","15,119","15,211","15,328","15,072","15,084","15,272",충청북도 단양군 ,4380000000,충청북도,단양군 ,0.077
충청남도 천안시 (4413000000),"90,035","91,616","94,702","99,311","104,917","110,370","118,016","124,351","129,461","133,132","243,364","247,695","254,676","263,434","273,851","281,333","291,425","297,987","302,893","306,418",충청남도 천안시 ,4413000000,충청남도,천안시 ,1.328
충청남도 공주시 (4415000000),"18,854","19,202","19,685","20,552","21,404","21,948","22,640","23,606","24,642","25,544","48,794","48,632","48,835","49,393","50,134","50,519","50,966","51,580","52,394","53,019",충청남도 공주시 ,4415000000,충청남도,공주시 ,0.255
충청남도 보령시 (4418000000),"17,592","18,419","18,835","19,376","19,955","20,814","21,934","22,369","22,996","23,398","45,831","46,739","47,011","47,407","47,705","48,324","49,361","49,419","49,694","49,709",충청남도 보령시 ,4418000000,충청남도,보령시 ,0.233
충청남도 아산시 (4420000000),"44,492","44,754","45,093","47,597","50,253","52,836","56,927","60,741","64,144","67,724","120,475","122,131","124,223","129,188","132,159","135,159","139,580","145,869","152,249","159,108",충청남도 아산시 ,4420000000,충청남도,아산시 ,0.676
충청남도 서산시 (4421000000),"23,072","24,130","24,738","25,723","27,377","28,604","30,666","32,589","33,500","34,724","68,248","69,993","70,991","72,469","75,091","76,748","79,103","81,407","82,433","83,565",충청남도 서산시 ,4421000000,충청남도,서산시 ,0.346
충청남도 논산시 (4423000000),"22,521","23,183","23,555","23,934","24,487","25,229","26,307","27,162","27,729","27,851","55,451","56,095","56,347","56,679","56,729","57,196","57,826","58,048","58,137","57,648",충청남도 논산시 ,4423000000,충청남도,논산시 ,0.278
충청남도 계룡시 (4425000000),"3,194","3,241","3,413","3,779","3,997","4,187","4,654","5,042","5,548","6,199","13,894","14,397","14,858","15,647","15,860","15,967","16,531","17,152","18,051","19,404",충청남도 계룡시 ,4425000000,충청남도,계룡시 ,0.062
충청남도 당진시 (4427000000),"27,805","28,791","29,664","30,580","31,255","32,005","33,635","35,096","36,302","37,444","70,502","72,074","73,434","74,586","75,540","76,162","77,661","79,526","81,199","83,058",충청남도 당진시 ,4427000000,충청남도,당진시 ,0.374
충청남도 금산군 (4471000000),"10,091","10,329","10,542","10,843","11,197","11,387","11,987","12,104","12,462","12,860","24,913","25,154","25,342","25,440","25,588","25,521","25,897","25,893","26,180","26,562",충청남도 금산군 ,4471000000,충청남도,금산군 ,0.128
충청남도 부여군 (4476000000),"12,810","13,308","13,697","14,066","14,464","14,948","15,410","15,397","15,398","15,441","32,362","32,733","32,903","32,999","33,193","33,341","33,562","33,257","32,945","32,667",충청남도 부여군 ,4476000000,충청남도,부여군 ,0.154
충청남도 서천군 (4477000000),"10,718","10,840","11,036","11,176","11,416","11,743","12,342","12,438","12,681","12,856","26,670","26,622","26,583","26,544","26,433","26,410","26,794","26,646","26,666","26,543",충청남도 서천군 ,4477000000,충청남도,서천군 ,0.128
충청남도 청양군 (4479000000),"6,048","6,373","6,816","7,359","7,651","7,792","8,001","8,178","8,341","8,565","14,859","15,226","15,668","16,147","16,274","16,296","16,378","16,426","16,567","16,722",충청남도 청양군 ,4479000000,충청남도,청양군 ,0.085
충청남도 홍성군 (4480000000),"14,593","15,293","16,140","16,916","17,534","18,252","18,777","18,990","19,495","20,308","39,530","41,008","43,555","44,833","45,358","45,920","46,588","46,746","46,871","47,463",충청남도 홍성군 ,4480000000,충청남도,홍성군 ,0.203
충청남도 예산군 (4481000000),"14,244","14,662","14,933","15,374","15,899","16,232","17,136","17,512","17,769","18,009","37,369","37,488","37,251","37,489","38,060","38,290","38,946","39,051","39,605","40,245",충청남도 예산군 ,4481000000,충청남도,예산군 ,0.18
충청남도 태안군 (4482500000),"12,048","12,561","13,151","13,832","14,384","14,937","15,455","15,958","16,315","16,563","29,197","29,981","30,617","31,244","31,636","32,069","32,535","32,908","33,209","33,318",충청남도 태안군 ,4482500000,충청남도,태안군 ,0.165
전라북도 전주시 (4511000000),"78,196","80,845","83,735","86,529","90,998","96,754","105,710","114,958","119,468","121,670","251,702","254,710","258,006","260,683","266,541","273,753","284,106","293,207","296,241","296,394",전라북도 전주시 ,4511000000,전라북도,전주시 ,1.214
전라북도 군산시 (4513000000),"39,028","39,780","40,684","41,505","43,351","45,003","48,481","49,772","51,341","52,726","113,098","114,382","115,329","115,657","117,068","118,264","121,220","122,250","123,176","123,996",전라북도 군산시 ,4513000000,전라북도,군산시 ,0.526
전라북도 익산시 (4514000000),"41,548","42,095","43,377","46,403","47,872","49,593","52,374","54,792","55,936","57,012","122,345","122,857","123,675","126,333","126,516","126,876","128,400","129,962","130,068","130,197",전라북도 익산시 ,4514000000,전라북도,익산시 ,0.569
전라북도 정읍시 (4518000000),"20,841","21,233","21,555","22,231","22,984","23,857","25,261","25,619","26,414","27,039","51,988","52,203","52,330","52,722","53,110","53,582","54,335","54,242","54,528","54,734",전라북도 정읍시 ,4518000000,전라북도,정읍시 ,0.27
전라북도 남원시 (4519000000),"14,265","14,552","14,987","15,345","15,965","16,601","17,847","18,380","18,872","19,238","37,046","37,213","37,529","37,686","38,054","38,427","39,457","39,670","39,799","39,839",전라북도 남원시 ,4519000000,전라북도,남원시 ,0.192
전라북도 김제시 (4521000000),"17,789","17,917","18,271","18,541","18,875","19,586","20,550","20,990","21,661","22,180","41,535","41,438","41,601","41,712","41,618","41,850","42,459","42,509","43,215","43,625",전라북도 김제시 ,4521000000,전라북도,김제시 ,0.221
전라북도 완주군 (4571000000),"14,372","15,690","16,003","16,463","16,811","17,193","18,956","19,715","20,552","22,212","38,090","40,750","41,204","41,835","41,881","41,800","43,275","44,020","45,356","48,652",전라북도 완주군 ,4571000000,전라북도,완주군 ,0.222
전라북도 진안군 (4572000000),"5,596","5,748","5,878","6,096","6,264","6,461","6,737","6,854","6,964","7,085","12,504","12,571","12,654","12,927","13,023","13,131","13,406","13,494","13,513","13,593",전라북도 진안군 ,4572000000,전라북도,진안군 ,0.071
전라북도 무주군 (4573000000),"5,016","5,092","5,210","5,311","5,616","5,900","6,263","6,482","6,683","6,855","11,761","11,821","11,893","12,001","12,204","12,421","12,674","12,823","12,932","13,008",전라북도 무주군 ,4573000000,전라북도,무주군 ,0.068
전라북도 장수군 (4574000000),"4,582","4,749","4,882","5,022","5,202","5,327","5,684","5,809","5,963","5,946","10,787","10,909","11,123","11,144","11,327","11,308","11,554","11,584","11,611","11,542",전라북도 장수군 ,4574000000,전라북도,장수군 ,0.059
전라북도 임실군 (4575000000),"6,283","6,343","6,424","6,663","6,942","7,241","7,615","7,896","8,052","8,168","14,157","14,269","14,332","14,557","14,790","14,788","14,801","14,899","14,992","14,916",전라북도 임실군 ,4575000000,전라북도,임실군 ,0.081
전라북도 순창군 (4577000000),"5,733","5,782","5,829","5,919","6,015","6,173","6,622","6,755","6,919","7,131","13,753","13,784","13,819","13,872","13,877","13,816","14,097","13,996","14,132","14,332",전라북도 순창군 ,4577000000,전라북도,순창군 ,0.071
전라북도 고창군 (4579000000),"12,714","13,032","13,312","13,644","13,804","14,051","14,697","14,648","14,771","15,096","28,435","28,671","28,900","29,159","28,802","28,735","29,057","28,757","28,592","28,733",전라북도 고창군 ,4579000000,전라북도,고창군 ,0.151
전라북도 부안군 (4580000000),"12,189","12,386","12,728","12,879","13,017","13,345","13,992","14,121","14,443","14,718","27,361","27,408","27,689","27,628","27,424","27,440","27,819","27,588","27,694","27,632",전라북도 부안군 ,4580000000,전라북도,부안군 ,0.147
전라남도 목포시 (4611000000),"37,219","37,415","38,387","38,654","39,955","41,371","43,555","44,713","46,009","47,118","99,955","100,172","101,180","100,845","101,609","102,481","103,316","103,162","104,039","104,375",전라남도 목포시 ,4611000000,전라남도,목포시 ,0.47
전라남도 여수시 (4613000000),"38,046","39,518","40,842","41,953","43,721","46,677","50,353","52,302","53,007","53,661","116,100","117,602","118,910","119,684","120,810","123,677","126,988","128,169","128,720","128,733",전라남도 여수시 ,4613000000,전라남도,여수시 ,0.535
전라남도 순천시 (4615000000),"32,264","33,296","34,641","36,190","38,099","40,570","44,170","46,619","47,923","49,438","105,841","107,871","109,650","111,677","113,942","116,946","121,488","124,029","124,828","126,412",전라남도 순천시 ,4615000000,전라남도,순천시 ,0.493
전라남도 나주시 (4617000000),"19,896","21,599","22,732","24,111","25,593","26,526","28,326","29,198","29,825","30,076","42,886","46,444","49,378","52,303","54,872","56,090","58,025","59,292","59,865","60,419",전라남도 나주시 ,4617000000,전라남도,나주시 ,0.3
전라남도 광양시 (4623000000),"18,876","19,475","20,658","21,745","22,903","24,430","24,939","26,380","27,524","28,576","58,698","59,789","61,487","62,790","64,186","65,725","65,668","67,103","68,734","70,162",전라남도 광양시 ,4623000000,전라남도,광양시 ,0.285
전라남도 담양군 (4671000000),"9,566","9,722","10,009","10,417","10,920","11,478","12,356","12,673","12,734","12,586","21,735","21,953","22,334","22,710","23,129","23,521","24,369","24,773","24,787","24,557",전라남도 담양군 ,4671000000,전라남도,담양군 ,0.126
전라남도 곡성군 (4672000000),"6,920","7,117","7,122","7,348","7,500","7,842","8,184","8,452","8,580","8,722","14,782","14,994","14,960","15,090","15,132","15,289","15,414","15,536","15,512","15,577",전라남도 곡성군 ,4672000000,전라남도,곡성군 ,0.087
전라남도 구례군 (4673000000),"5,298","5,508","5,709","5,868","6,093","6,323","6,679","6,851","6,948","7,005","12,424","12,672","12,883","13,106","13,151","13,243","13,414","13,462","13,429","13,432",전라남도 구례군 ,4673000000,전라남도,구례군 ,0.07
전라남도 고흥군 (4677000000),"15,727","15,928","16,062","16,383","16,610","17,097","17,950","18,348","18,715","18,898","34,657","34,583","34,508","34,516","34,536","34,791","35,290","35,379","35,445","35,360",전라남도 고흥군 ,4677000000,전라남도,고흥군 ,0.189
전라남도 보성군 (4678000000),"10,385","10,553","10,908","11,068","11,372","11,544","12,209","12,370","12,399","12,266","22,345","22,384","22,449","22,428","22,459","22,276","22,628","22,511","22,282","21,967",전라남도 보성군 ,4678000000,전라남도,보성군 ,0.122
전라남도 화순군 (4679000000),"12,012","12,206","12,515","12,760","13,232","13,739","14,810","15,661","15,909","15,917","29,430","29,405","29,575","29,671","29,928","30,103","31,090","32,012","32,093","31,976",전라남도 화순군 ,4679000000,전라남도,화순군 ,0.159
전라남도 장흥군 (4680000000),"9,635","9,882","9,571","9,813","9,880","10,069","10,576","10,536","10,388","10,520","20,603","20,890","20,161","20,232","20,139","20,143","20,431","20,103","19,788","19,691",전라남도 장흥군 ,4680000000,전라남도,장흥군 ,0.105
전라남도 강진군 (4681000000),"8,510","8,501","8,564","8,686","8,844","9,024","9,529","9,696","9,831","9,884","18,753","18,577","18,414","18,358","18,352","18,351","18,612","18,592","18,550","18,449",전라남도 강진군 ,4681000000,전라남도,강진군 ,0.099
전라남도 해남군 (4682000000),"15,259","15,480","15,546","15,763","15,750","16,145","16,946","17,273","17,468","17,686","35,344","35,354","35,231","35,071","34,745","34,824","35,259","35,225","35,074","34,916",전라남도 해남군 ,4682000000,전라남도,해남군 ,0.176
전라남도 영암군 (4683000000),"12,286","12,317","12,543","12,625","12,854","13,416","14,074","14,632","14,963","15,458","27,353","27,242","27,190","26,885","26,851","27,362","27,827","28,197","28,353","28,817",전라남도 영암군 ,4683000000,전라남도,영암군 ,0.154
전라남도 무안군 (4684000000),"13,215","13,587","14,078","14,525","14,870","15,451","17,506","18,775","19,313","19,710","34,562","35,086","35,500","36,235","36,410","36,722","40,114","42,739","43,119","43,436",전라남도 무안군 ,4684000000,전라남도,무안군 ,0.197
전라남도 함평군 (4686000000),"8,535","8,663","8,833","9,124","9,352","9,535","9,978","10,118","10,332","10,419","17,489","17,547","17,591","17,790","17,751","17,837","17,995","17,980","18,010","18,065",전라남도 함평군 ,4686000000,전라남도,함평군 ,0.104
전라남도 영광군 (4687000000),"11,172","11,301","11,466","11,812","12,135","12,644","13,237","13,558","13,979","14,230","26,040","26,070","26,054","26,244","26,378","26,687","27,138","27,112","27,549","27,602",전라남도 영광군 ,4687000000,전라남도,영광군 ,0.142
전라남도 장성군 (4688000000),"9,231","9,413","9,496","9,842","10,108","11,060","11,700","11,864","12,124","12,361","21,292","21,529","21,557","21,885","22,095","22,850","23,178","23,160","23,358","23,400",전라남도 장성군 ,4688000000,전라남도,장성군 ,0.123
전라남도 완도군 (4689000000),"11,048","11,366","11,621","11,801","12,108","12,345","12,842","12,962","13,022","13,094","25,321","25,535","25,688","25,750","25,835","25,872","26,241","26,029","25,781","25,602",전라남도 완도군 ,4689000000,전라남도,완도군 ,0.131
전라남도 진도군 (4690000000),"7,312","7,434","7,519","7,768","8,000","8,089","8,795","8,935","8,946","9,101","15,865","15,932","15,911","16,060","16,110","16,102","16,840","16,700","16,578","16,548",전라남도 진도군 ,4690000000,전라남도,진도군 ,0.091
전라남도 신안군 (4691000000),"11,038","11,280","11,205","11,319","11,382","11,433","11,843","12,034","12,097","12,241","22,192","22,270","22,077","22,046","21,883","21,736","21,827","21,843","21,816","21,946",전라남도 신안군 ,4691000000,전라남도,신안군 ,0.122
경상북도 포항시 (4711000000),"64,220","66,940","68,609","70,938","74,208","78,399","84,179","90,704","92,545","94,970","207,515","210,690","212,095","214,012","216,654","220,328","225,693","232,201","232,371","233,932",경상북도 포항시 ,4711000000,경상북도,포항시 ,0.947
경상북도 경주시 (4713000000),"41,998","42,881","43,987","45,307","46,988","48,807","51,987","53,763","55,264","56,225","111,848","112,609","113,798","114,942","116,805","118,542","121,505","123,071","124,027","124,577",경상북도 경주시 ,4713000000,경상북도,경주시 ,0.561
경상북도 김천시 (4715000000),"21,360","23,705","24,202","25,157","25,380","27,122","29,041","30,274","31,153","31,761","57,275","60,757","62,202","63,360","63,443","65,273","67,122","68,393","69,038","69,125",경상북도 김천시 ,4715000000,경상북도,김천시 ,0.317
경상북도 안동시 (4717000000),"26,518","27,538","28,128","28,865","29,827","31,331","33,640","34,949","35,695","36,767","71,881","73,108","73,714","73,816","73,863","74,827","76,915","77,666","77,759","78,283",경상북도 안동시 ,4717000000,경상북도,안동시 ,0.367
경상북도 구미시 (4719000000),"58,102","58,601","58,605","60,171","61,274","63,802","67,806","71,258","74,228","77,345","166,686","167,635","168,487","171,387","173,269","176,015","179,889","182,645","184,786","187,139",경상북도 구미시 ,4719000000,경상북도,구미시 ,0.772
경상북도 영주시 (4721000000),"17,958","18,167","18,713","18,982","19,398","19,927","20,991","21,889","22,598","23,667","48,093","48,186","48,678","48,845","48,982","49,063","49,718","50,271","50,663","51,423",경상북도 영주시 ,4721000000,경상북도,영주시 ,0.236
경상북도 영천시 (4723000000),"19,508","20,080","20,437","21,494","22,708","24,093","25,705","26,711","27,483","28,532","46,355","47,110","47,509","48,564","50,020","51,439","52,861","53,904","54,431","54,976",경상북도 영천시 ,4723000000,경상북도,영천시 ,0.285
경상북도 상주시 (4725000000),"17,827","18,352","18,897","19,318","19,974","21,437","22,221","22,713","23,266","23,830","45,845","46,313","46,750","47,048","47,527","48,796","48,856","48,965","49,315","49,493",경상북도 상주시 ,4725000000,경상북도,상주시 ,0.238
경상북도 문경시 (4728000000),"13,637","14,128","14,402","14,584","15,023","16,019","16,940","17,911","18,069","18,288","34,159","34,625","34,643","34,555","34,644","35,587","36,268","37,069","37,056","36,814",경상북도 문경시 ,4728000000,경상북도,문경시 ,0.182
경상북도 경산시 (4729000000),"35,938","37,481","38,101","39,448","41,512","43,724","47,618","51,541","54,427","56,965","103,935","106,495","107,821","109,849","112,513","115,537","119,680","124,869","127,392","129,264",경상북도 경산시 ,4729000000,경상북도,경산시 ,0.568
경상북도 군위군 (4772000000),"5,391","5,481","5,728","5,985","6,220","6,424","6,744","6,970","7,346","10,000","12,038","12,189","12,428","12,670","12,784","12,938","13,096","13,258","13,693","13,960",경상북도 군위군 ,4772000000,경상북도,군위군 ,0.1
경상북도 의성군 (4773000000),"11,901","12,124","12,284","12,646","13,055","13,594","14,430","14,812","15,279","15,961","27,352","27,398","27,440","27,574","27,822","28,212","28,750","28,798","29,005","29,471",경상북도 의성군 ,4773000000,경상북도,의성군 ,0.159
경상북도 청송군 (4775000000),"5,887","5,997","6,138","6,373","6,654","6,938","7,244","7,345","7,393","7,440","13,220","13,332","13,460","13,562","13,723","13,862","14,064","14,029","14,038","13,999",경상북도 청송군 ,4775000000,경상북도,청송군 ,0.074
경상북도 영양군 (4776000000),"3,813","3,868","3,918","4,016","4,160","4,298","4,591","4,599","4,732","4,765","8,817","8,784","8,800","8,827","8,913","8,942","9,127","9,055","9,070","8,994",경상북도 영양군 ,4776000000,경상북도,영양군 ,0.048
경상북도 영덕군 (4777000000),"9,427","9,538","9,739","9,709","9,905","10,101","10,458","10,452","10,502","10,691","20,006","20,039","20,185","20,045","20,123","20,085","20,153","19,895","19,741","19,725",경상북도 영덕군 ,4777000000,경상북도,영덕군 ,0.107
경상북도 청도군 (4782000000),"9,417","9,764","9,971","10,239","10,575","10,878","11,414","11,980","12,241","12,440","21,211","21,493","21,722","21,912","22,181","22,473","22,843","23,251","23,443","23,525",경상북도 청도군 ,4782000000,경상북도,청도군 ,0.124
경상북도 고령군 (4783000000),"6,750","6,911","6,967","7,130","7,306","7,469","8,106","8,376","8,725","9,127","16,163","16,218","16,215","16,241","16,204","16,227","16,497","16,556","16,758","17,023",경상북도 고령군 ,4783000000,경상북도,고령군 ,0.091
경상북도 성주군 (4784000000),"9,073","9,489","9,837","10,443","10,889","11,272","12,059","12,291","12,648","12,967","20,989","21,444","21,877","22,389","22,677","22,915","23,516","23,621","23,918","24,059",경상북도 성주군 ,4784000000,경상북도,성주군 ,0.129
경상북도 칠곡군 (4785000000),"21,338","21,495","21,700","21,350","21,241","21,654","22,296","23,261","24,167","24,757","52,555","53,174","53,695","52,993","52,599","52,659","53,026","53,883","54,443","54,578",경상북도 칠곡군 ,4785000000,경상북도,칠곡군 ,0.247
경상북도 예천군 (4790000000),"8,895","9,053","9,363","9,824","10,433","11,079","11,750","12,170","12,590","12,727","21,394","21,395","22,123","23,504","25,273","26,453","27,301","27,771","28,155","28,145",경상북도 예천군 ,4790000000,경상북도,예천군 ,0.127
경상북도 봉화군 (4792000000),"6,934","7,127","7,312","7,472","7,705","7,912","8,291","8,439","8,569","8,770","16,268","16,409","16,492","16,583","16,705","16,705","16,908","16,882","16,830","16,823",경상북도 봉화군 ,4792000000,경상북도,봉화군 ,0.087
경상북도 울진군 (4793000000),"10,713","11,207","11,603","11,720","11,937","12,232","12,699","12,914","13,088","13,218","24,590","24,926","25,186","25,148","25,137","25,244","25,562","25,535","25,462","25,527",경상북도 울진군 ,4793000000,경상북도,울진군 ,0.132
경상북도 울릉군 (4794000000),"2,904","2,871","2,937","3,077","3,192","3,178","3,169","3,161","3,386","3,510","5,364","5,319","5,323","5,435","5,490","5,426","5,312","5,258","5,479","5,605",경상북도 울릉군 ,4794000000,경상북도,울릉군 ,0.035
경상남도 창원시 (4812000000),"122,661","126,556","128,569","131,092","135,663","142,218","153,406","163,621","169,902","173,078","412,256","415,872","417,762","420,517","425,771","431,382","442,097","451,940","456,191","456,830",경상남도 창원시 ,4812000000,경상남도,창원시 ,1.727
경상남도 진주시 (4817000000),"42,872","45,339","47,013","48,895","51,098","54,327","58,997","62,119","64,485","66,318","134,500","138,231","140,748","142,865","145,153","149,078","154,197","157,292","158,827","159,833",경상남도 진주시 ,4817000000,경상남도,진주시 ,0.662
경상남도 통영시 (4822000000),"20,645","21,257","21,607","21,904","22,509","23,342","24,427","25,139","25,592","26,204","58,427","59,015","59,214","58,941","59,125","59,423","59,813","59,738","59,506","59,466",경상남도 통영시 ,4822000000,경상남도,통영시 ,0.261
경상남도 사천시 (4824000000),"18,890","19,574","20,204","20,673","21,643","22,534","23,602","24,210","24,725","25,625","50,072","50,520","51,012","51,348","52,184","52,503","53,509","53,944","54,395","55,125",경상남도 사천시 ,4824000000,경상남도,사천시 ,0.256
경상남도 김해시 (4825000000),"53,450","55,699","57,568","60,465","63,324","68,561","73,293","76,694","79,025","81,796","194,766","197,865","200,370","204,894","208,710","217,228","223,242","225,984","228,540","231,783",경상남도 김해시 ,4825000000,경상남도,김해시 ,0.816
경상남도 밀양시 (4827000000),"19,288","20,024","20,885","21,481","22,184","22,983","24,171","24,855","25,540","25,991","48,321","49,197","50,158","50,597","51,044","51,541","52,673","53,120","53,674","53,906",경상남도 밀양시 ,4827000000,경상남도,밀양시 ,0.259
경상남도 거제시 (4831000000),"32,881","34,880","34,904","33,851","33,677","35,089","37,168","37,712","38,205","39,812","97,392","101,534","102,413","101,279","100,775","101,969","103,779","103,674","103,495","104,565",경상남도 거제시 ,4831000000,경상남도,거제시 ,0.397
경상남도 양산시 (4833000000),"33,666","35,455","38,576","42,365","45,381","47,929","51,303","54,170","56,420","58,402","113,213","117,649","125,453","135,821","141,871","145,297","149,595","153,732","155,897","158,640",경상남도 양산시 ,4833000000,경상남도,양산시 ,0.583
경상남도 의령군 (4872000000),"7,029","7,043","7,162","7,186","7,400","7,505","7,987","8,248","8,458","8,429","14,538","14,427","14,419","14,436","14,587","14,577","14,917","15,010","15,098","14,923",경상남도 의령군 ,4872000000,경상남도,의령군 ,0.084
경상남도 함안군 (4873000000),"12,106","12,572","12,817","12,871","13,014","13,232","13,709","14,009","14,058","14,063","30,289","30,882","31,106","31,076","30,989","30,910","31,056","30,978","30,808","30,566",경상남도 함안군 ,4873000000,경상남도,함안군 ,0.14
경상남도 창녕군 (4874000000),"12,825","13,066","13,424","13,832","14,203","14,474","15,544","16,228","16,455","16,720","29,944","30,378","30,810","31,256","31,429","31,504","32,203","32,469","32,198","32,027",경상남도 창녕군 ,4874000000,경상남도,창녕군 ,0.167
경상남도 고성군 (4882000000),"11,144","11,354","11,406","11,500","11,674","11,961","12,523","12,832","13,093","13,324","25,844","25,883","25,853","25,827","25,842","25,882","26,222","26,318","26,564","26,546",경상남도 고성군 ,4882000000,경상남도,고성군 ,0.133
경상남도 남해군 (4884000000),"9,453","9,577","9,654","9,706","10,051","10,631","10,979","11,164","11,359","11,244","22,265","22,236","22,155","22,135","22,255","22,612","22,780","22,786","22,774","22,534",경상남도 남해군 ,4884000000,경상남도,남해군 ,0.112
경상남도 하동군 (4885000000),"9,897","10,422","10,720","10,935","11,052","11,400","11,879","12,193","12,348","12,495","22,910","23,603","23,704","23,805","23,631","23,738","23,796","23,769","23,675","23,567",경상남도 하동군 ,4885000000,경상남도,하동군 ,0.125
경상남도 산청군 (4886000000),"8,455","8,624","8,920","9,245","9,455","9,762","10,362","10,610","10,640","10,795","17,793","18,083","18,404","18,740","18,856","19,040","19,454","19,600","19,576","19,639",경상남도 산청군 ,4886000000,경상남도,산청군 ,0.108
경상남도 함양군 (4887000000),"8,512","8,702","8,958","9,321","9,628","10,002","10,500","10,797","10,959","10,921","19,222","19,363","19,598","19,915","20,159","20,427","20,754","20,840","20,868","20,679",경상남도 함양군 ,4887000000,경상남도,함양군 ,0.109
경상남도 거창군 (4888000000),"10,639","10,784","10,981","11,221","11,772","12,682","13,633","14,042","14,267","14,715","27,681","27,895","28,203","28,353","28,814","29,538","30,253","30,564","30,659","30,934",경상남도 거창군 ,4888000000,경상남도,거창군 ,0.147
경상남도 합천군 (4889000000),"11,385","11,563","11,600","11,681","11,859","12,213","12,614","12,898","13,148","13,084","24,551","24,509","24,302","24,206","24,076","24,173","24,261","24,213","24,185","23,939",경상남도 합천군 ,4889000000,경상남도,합천군 ,0.131
제주특별자치도 제주시 (5011000000),"64,590","68,382","71,592","75,264","79,067","82,465","87,569","90,714","92,527","94,208","179,090","185,874","192,353","198,454","204,621","209,439","216,202","219,978","222,599","224,433",제주특별자치도 제주시 ,5011000000,제주특별자치도,제주시 ,0.94
제주특별자치도 서귀포시 (5013000000),"27,150","28,998","30,741","34,000","35,865","36,684","38,289","39,178","39,892","39,809","67,426","71,054","74,619","79,749","82,483","83,716","85,831","87,551","88,756","88,722",제주특별자치도 서귀포시 ,5013000000,제주특별자치도,서귀포시 ,0.397
